19.1.2.19. Gyümölcstermelés vármegye és régió szerint;;;;;;;;;;;;;;;;;;;;;;;;;
Területi egység neve;Területi egység szintje;2000;2001;2002;2003;2004;2005;2006;2007;2008;2009;2010;2011;2012;2013;2014;2015;2016;2017;2018;2019;2020;2021;2022;2023
Betakarított összes termés, tonna;;;;;;;;;;;;;;;;;;;;;;;;;
Budapest;fõváros, régió;23 343;19 060;7 939;6 716;5 950;6 923;5 716;1 904;8 211;7 715;3 846;5 517;9 920;8 423;9 971;12 496;8 900;10 208;12 792;6 522;112;75;67;58
Pest;vármegye, régió;105 538;86 131;40 248;54 572;62 790;66 186;56 789;36 473;66 354;69 962;44 424;41 042;52 180;67 244;64 023;62 667;53 091;54 361;64 609;52 554;31 324;35 746;31 972;34 657
Közép-Magyarország;nagyrégió;128 881;105 191;48 187;61 288;68 740;73 109;62 505;38 377;74 565;77 677;48 270;46 559;62 100;75 667;73 994;75 163;61 991;64 569;77 401;59 076;31 436;35 821;32 039;34 715
Fejér;vármegye;20 308;18 340;14 060;19 321;25 791;20 456;22 083;15 825;19 481;22 287;13 868;16 373;14 136;18 967;17 247;19 763;14 035;13 512;15 739;14 853;12 655;13 024;13 347;13 516
Komárom-Esztergom;vármegye;7 487;7 185;6 570;3 962;7 436;5 816;7 173;4 392;5 398;6 819;4 133;3 984;3 403;3 282;3 060;4 777;2 604;3 876;3 271;4 002;1 495;2 611;1 410;1 891
Veszprém;vármegye;27 787;14 818;10 611;11 508;16 577;12 661;14 454;9 810;14 782;14 409;9 742;9 099;7 604;8 296;7 398;10 210;7 133;8 021;8 629;6 288;4 421;4 638;5 081;5 475
Közép-Dunántúl;régió;55 582;40 343;31 241;34 791;49 804;38 933;43 710;30 027;39 661;43 515;27 743;29 456;25 144;30 545;27 705;34 750;23 772;25 409;27 639;25 143;18 571;20 273;19 838;20 882
Gyõr-Moson-Sopron;vármegye;24 364;13 636;10 798;14 290;16 428;15 721;16 212;8 781;8 659;15 797;9 573;13 001;12 106;13 890;14 940;16 254;13 583;14 704;14 197;15 929;12 590;12 370;14 373;12 043
Vas;vármegye;14 429;9 479;5 533;10 480;14 313;13 246;13 072;12 142;12 890;12 989;9 036;11 422;10 500;12 096;14 627;17 996;7 159;11 546;12 906;19 595;19 008;17 599;20 109;16 571
Zala;vármegye;38 045;15 387;24 893;38 588;35 860;36 933;37 199;42 237;38 095;42 256;39 774;39 098;29 052;49 719;41 263;36 336;18 267;32 523;37 346;31 089;19 704;19 626;25 421;29 295
Nyugat-Dunántúl;régió;76 838;38 502;41 224;63 358;66 601;65 900;66 483;63 160;59 644;71 042;58 383;63 521;51 658;75 704;70 830;70 586;39 009;58 773;64 449;66 613;51 302;49 595;59 903;57 909
Baranya;vármegye;12 520;10 204;4 079;6 507;8 562;6 710;6 501;6 732;6 000;6 931;8 109;9 920;4 464;14 090;12 314;15 199;11 949;10 433;9 947;8 304;5 276;4 547;5 220;3 754
Somogy;vármegye;27 738;16 972;10 248;20 427;24 856;20 242;25 619;22 003;21 817;28 596;16 403;18 490;14 148;26 911;17 153;15 998;17 231;17 414;15 243;11 029;7 438;7 126;6 528;7 262
Tolna;vármegye;7 400;7 487;5 210;9 386;10 110;5 877;8 863;7 693;7 725;8 683;6 179;8 239;6 135;10 403;9 046;9 107;9 474;9 669;7 840;6 464;5 071;4 660;8 504;5 835
Dél-Dunántúl;régió;47 658;34 663;19 537;36 320;43 528;32 829;40 983;36 428;35 542;44 210;30 691;36 649;24 747;51 404;38 513;40 304;38 654;37 516;33 030;25 797;17 785;16 333;20 252;16 851
Dunántúl;nagyrégió;180 078;113 508;92 002;134 469;159 933;137 662;151 176;129 615;134 847;158 767;116 817;129 626;101 549;157 653;137 048;145 640;101 435;121 698;125 118;117 553;87 658;86 201;99 993;95 642
Borsod-Abaúj-Zemplén;vármegye;55 182;54 574;40 719;52 213;60 514;54 560;55 357;24 950;43 441;52 514;59 298;52 419;84 820;73 826;74 893;69 413;60 780;56 913;74 455;53 648;41 637;35 165;35 429;29 856
Heves;vármegye;13 954;11 891;8 487;16 514;58 644;20 084;24 542;12 327;21 706;21 715;20 971;15 088;15 178;21 627;22 543;21 781;17 915;16 894;22 251;28 185;25 211;24 088;20 378;18 725
Nógrád;vármegye;17 641;18 580;13 016;11 222;15 063;9 071;10 493;4 554;10 249;6 069;5 202;4 162;4 514;3 005;2 740;2 622;3 574;3 319;4 288;3 420;3 763;4 672;4 470;5 446
Észak-Magyarország;régió;86 777;85 045;62 222;79 949;134 221;83 715;90 392;41 831;75 396;80 298;85 471;71 669;104 512;98 458;100 176;93 816;82 269;77 126;100 994;85 253;70 611;63 925;60 277;54 027
Hajdú-Bihar;vármegye;42 625;30 946;32 659;34 009;46 635;36 114;39 325;9 663;37 015;32 941;44 262;46 589;53 537;53 693;76 432;48 951;49 305;47 156;82 551;43 879;22 345;23 548;16 470;19 455
Jász-Nagykun-Szolnok;vármegye;14 830;13 592;9 107;4 957;8 902;4 737;11 102;5 836;6 776;8 313;4 745;5 931;6 786;8 145;8 261;7 448;5 772;6 265;5 817;4 915;4 646;4 849;5 281;4 347
Szabolcs-Szatmár-Bereg;vármegye;484 688;486 092;419 019;319 366;454 453;260 018;359 312;36 196;392 197;379 511;331 983;102 107;446 468;343 311;551 869;332 181;346 471;304 843;431 315;331 847;300 111;426 116;276 607;397 627
Észak-Alföld;régió;542 143;530 630;460 785;358 332;509 990;300 869;409 739;51 695;435 988;420 765;380 990;154 627;506 791;405 149;636 562;388 580;401 548;358 264;519 683;380 641;327 102;454 513;298 358;421 429
Bács-Kiskun;vármegye;66 180;48 934;18 745;71 622;86 656;94 853;93 166;62 073;84 750;96 566;94 967;70 224;36 059;65 660;59 697;44 665;76 206;72 075;74 906;60 827;43 306;42 232;48 927;44 836
Békés;vármegye;8 775;8 384;7 946;8 007;9 221;6 723;7 901;5 966;6 425;8 316;7 092;7 896;6 499;8 632;8 606;8 344;8 288;6 966;9 009;7 471;4 988;4 344;4 180;4 756
Csongrád-Csanád;vármegye;25 305;24 932;9 359;10 401;69 062;34 922;48 456;30 107;28 485;41 879;32 168;31 911;4 359;38 388;23 790;21 508;23 673;21 966;17 693;17 149;10 122;12 241;17 119;16 597
Dél-Alföld;régió;100 260;82 250;36 050;90 030;164 939;136 498;149 523;98 146;119 660;146 761;134 227;110 031;46 917;112 679;92 093;74 517;108 167;101 007;101 608;85 447;58 416;58 817;70 226;66 189
Alföld és Észak;nagyrégió;729 180;697 925;559 057;528 311;809 150;521 082;649 654;191 672;631 044;647 824;600 688;336 327;658 219;616 287;828 831;556 913;591 984;536 397;722 285;551 341;456 129;577 255;428 861;541 645
Ország összesen;ország;1 038 139;916 624;699 246;724 068;1 037 823;731 853;863 335;359 664;840 456;884 268;765 775;512 512;821 869;849 606;1 039 873;777 716;755 410;722 664;924 804;727 970;575 223;699 277;560 893;672 002
Ebbõl: alma;;;;;;;;;;;;;;;;;;;;;;;;;
Budapest;fõváros, régió;6 250;5 060;2 600;3 100;1 500;3 658;2 757;514;6 357;5 413;2 284;3 111;7 736;5 000;6 771;9 392;5 400;7 178;8 967;4 178;16;5;4;7
Pest;vármegye, régió;33 700;25 610;15 958;25 066;29 760;36 968;21 251;15 038;35 329;34 015;19 676;16 531;27 123;26 349;29 520;30 012;22 830;25 098;37 660;23 739;14 934;17 444;10 968;17 043
Közép-Magyarország;nagyrégió;39 950;30 670;18 558;28 166;31 260;40 626;24 008;15 552;41 686;39 428;21 960;19 642;34 859;31 349;36 291;39 404;28 230;32 276;46 627;27 917;14 950;17 449;10 972;17 050
Fejér;vármegye;4 470;3 417;3 777;4 932;7 553;6 537;4 049;3 779;3 387;7 078;3 559;3 302;3 699;5 001;2 913;3 114;2 184;3 108;6 936;2 620;3 580;3 181;2 301;4 722
Komárom-Esztergom;vármegye;2 070;1 321;1 823;1 345;4 293;3 375;3 508;1 696;2 373;3 538;1 006;1 557;997;1 190;1 161;2 548;962;2 260;1 737;2 441;677;1 409;287;1 009
Veszprém;vármegye;14 454;4 616;7 017;6 060;11 116;5 995;7 759;3 545;7 018;4 875;4 780;4 078;3 443;4 024;3 351;5 159;2 832;3 885;5 108;2 146;1 192;1 043;1 813;2 542
Közép-Dunántúl;régió;20 994;9 354;12 617;12 337;22 965;15 907;15 316;9 020;12 778;15 491;9 345;8 937;8 139;10 214;7 425;10 821;5 978;9 253;13 781;7 207;5 449;5 633;4 401;8 273
Gyõr-Moson-Sopron;vármegye;6 091;4 840;5 781;7 024;6 745;7 911;6 502;3 896;2 605;5 639;5 256;6 653;6 271;6 004;5 629;6 647;3 716;5 217;4 714;5 317;2 457;3 696;4 665;6 011
Vas;vármegye;10 154;7 250;4 396;8 700;12 500;11 171;9 835;9 800;9 790;10 063;5 396;8 925;8 158;9 638;11 994;14 839;4 719;9 397;10 579;17 269;17 105;15 764;18 196;14 702
Zala;vármegye;26 400;12 350;22 423;31 479;32 388;32 000;30 617;34 468;30 634;34 759;33 176;34 537;25 928;43 136;36 609;28 954;14 795;26 939;30 808;25 957;15 080;15 087;19 502;25 146
Nyugat-Dunántúl;régió;42 645;24 440;32 600;47 203;51 633;51 082;46 954;48 164;43 029;50 461;43 828;50 115;40 357;58 779;54 232;50 440;23 230;41 553;46 101;48 543;34 642;34 547;42 363;45 859
Baranya;vármegye;4 200;2 520;1 518;1 822;2 045;2 435;1 304;2 162;2 126;1 828;2 371;2 576;1 549;5 220;4 590;4 914;4 969;3 965;5 345;4 726;2 157;1 826;1 509;1 069
Somogy;vármegye;14 613;5 042;2 977;9 438;14 100;9 844;9 148;13 284;9 811;15 331;6 899;6 347;6 842;12 400;7 028;6 072;5 219;5 002;6 821;2 166;961;927;558;814
Tolna;vármegye;3 082;2 418;1 193;2 832;3 429;1 547;2 251;2 425;2 580;2 303;1 312;2 376;1 700;2 945;2 874;2 745;1 322;2 174;1 971;605;871;642;920;937
Dél-Dunántúl;régió;21 895;9 980;5 688;14 092;19 574;13 826;12 703;17 871;14 517;19 462;10 582;11 299;10 091;20 565;14 492;13 731;11 510;11 141;14 137;7 497;3 989;3 395;2 987;2 820
Dunántúl;nagyrégió;85 534;43 774;50 905;73 632;94 172;80 815;74 973;75 055;70 324;85 414;63 755;70 351;58 588;89 557;76 149;74 992;40 718;61 947;74 019;63 247;44 080;43 575;49 751;56 952
Borsod-Abaúj-Zemplén;vármegye;30 900;30 144;23 904;28 105;33 402;29 846;23 140;10 227;25 661;27 269;40 141;35 273;70 438;57 803;55 750;45 581;39 152;36 187;52 159;34 012;25 611;19 017;18 168;14 769
Heves;vármegye;4 800;3 123;2 748;6 290;11 545;8 383;8 240;3 271;10 869;9 111;7 481;3 179;4 081;8 746;8 311;7 474;3 671;3 379;8 662;10 820;8 691;8 727;2 623;3 964
Nógrád;vármegye;2 010;2 212;2 700;2 800;2 908;1 088;1 924;640;4 824;2 089;733;756;999;619;902;582;870;868;1 624;441;754;1 295;933;1 663
Észak-Magyarország;régió;37 710;35 479;29 352;37 195;47 855;39 317;33 304;14 138;41 354;38 469;48 355;39 208;75 518;67 169;64 963;53 637;43 693;40 434;62 445;45 273;35 056;29 039;21 724;20 396
Hajdú-Bihar;vármegye;31 000;18 900;23 491;25 400;37 900;30 979;28 948;5 278;29 740;23 786;35 020;37 905;45 192;45 972;65 366;37 848;39 848;37 204;71 451;35 751;18 049;18 349;11 688;13 895
Jász-Nagykun-Szolnok;vármegye;5 189;2 103;2 393;1 316;1 717;1 531;1 870;2 395;2 304;1 406;948;1 923;2 868;2 749;2 323;1 870;616;1 366;1 260;979;156;923;541;849
Szabolcs-Szatmár-Bereg;vármegye;440 000;437 954;385 480;286 000;416 000;241 000;325 077;19 138;336 090;326 719;280 894;81 030;413 845;310 100;502 165;277 574;305 509;266 545;387 307;295 407;265 777;384 013;234 265;354 387
Észak-Alföld;régió;476 189;458 957;411 364;312 716;455 617;273 510;355 895;26 811;368 134;351 911;316 862;120 858;461 905;358 821;569 854;317 292;345 973;305 115;460 018;332 137;283 982;403 285;246 494;369 131
Bács-Kiskun;vármegye;45 160;29 000;11 800;50 174;53 267;63 809;36 114;25 524;34 735;42 360;37 400;31 502;15 510;30 857;24 137;17 999;29 425;26 031;26 166;20 758;15 690;15 677;15 993;15 684
Békés;vármegye;989;1 020;1 122;1 106;1 658;1 996;2 042;2 090;2 505;2 805;2 220;2 730;2 484;2 915;3 031;2 915;3 059;2 092;3 940;3 524;2 579;1 307;1 432;1 427
Csongrád-Csanád;vármegye;9 054;6 540;3 764;4 516;16 562;10 288;11 009;11 731;9 835;14 981;6 364;8 519;1 733;11 199;5 428;5 221;6 010;5 767;5 560;5 474;2 373;4 186;3 731;5 657
Dél-Alföld;régió;55 203;36 560;16 686;55 796;71 487;76 093;49 165;39 345;47 075;60 146;45 984;42 751;19 726;44 971;32 596;26 135;38 494;33 890;35 666;29 756;20 642;21 170;21 156;22 768
Alföld és Észak;nagyrégió;569 102;530 996;457 402;405 707;574 959;388 920;438 364;80 294;456 563;450 526;411 201;202 817;557 148;470 960;667 413;397 064;428 160;379 439;558 129;407 166;339 680;453 494;289 374;412 295
Ország összesen;ország;694 586;605 440;526 865;507 505;700 391;510 361;537 345;170 901;568 573;575 368;496 916;292 810;650 595;591 866;779 853;511 460;497 108;473 662;678 775;498 330;398 710;514 518;350 097;486 297
körte;;;;;;;;;;;;;;;;;;;;;;;;;
Budapest;fõváros, régió;2 060;1 750;948;480;932;948;678;22;138;57;119;256;241;789;301;314;429;255;586;197;4;2;1;1
Pest;vármegye, régió;5 300;3 498;1 226;659;731;1 179;1 513;540;797;1 512;985;953;734;1 924;1 357;1 194;656;514;911;2 721;1 899;1 982;775;1 542
Közép-Magyarország;nagyrégió;7 360;5 248;2 174;1 139;1 663;2 127;2 191;562;935;1 569;1 104;1 209;975;2 713;1 658;1 508;1 085;769;1 497;2 918;1 903;1 984;776;1 543
Fejér;vármegye;1 255;956;1 012;706;1 058;1 240;1 507;287;326;543;329;303;284;362;362;312;253;247;256;487;768;539;711;252
Komárom-Esztergom;vármegye;784;760;383;87;60;60;160;143;91;190;579;273;273;282;172;105;106;90;92;104;57;57;31;35
Veszprém;vármegye;2 139;809;350;310;600;506;886;600;574;951;261;358;513;854;588;1 021;1 029;1 097;907;642;372;414;459;380
Közép-Dunántúl;régió;4 178;2 525;1 745;1 103;1 718;1 806;2 553;1 030;991;1 684;1 169;934;1 070;1 497;1 122;1 438;1 388;1 434;1 255;1 233;1 197;1 010;1 201;667
Gyõr-Moson-Sopron;vármegye;3 956;1 255;950;1 077;1 688;1 395;1 327;132;143;133;124;140;285;294;239;430;539;369;415;671;951;610;206;218
Vas;vármegye;415;375;200;502;413;450;1 304;524;629;803;951;569;358;314;567;1 134;879;753;652;937;515;482;380;456
Zala;vármegye;6 900;540;825;5 500;1 965;3 475;3 711;4 570;3 957;4 405;4 224;2 414;1 792;4 526;2 219;4 758;1 417;2 573;3 207;2 014;1 471;2 079;1 492;1 301
Nyugat-Dunántúl;régió;11 271;2 170;1 975;7 079;4 066;5 320;6 342;5 226;4 729;5 341;5 299;3 123;2 434;5 133;3 025;6 322;2 835;3 695;4 274;3 622;2 937;3 171;2 078;1 975
Baranya;vármegye;740;444;100;174;180;180;77;66;70;90;552;474;180;654;558;651;520;552;497;498;565;575;516;391
Somogy;vármegye;2 470;1 500;755;853;523;527;1 128;608;992;2 194;1 892;2 081;1 071;3 059;1 787;2 411;1 799;2 003;1 869;1 638;1 198;1 112;784;745
Tolna;vármegye;493;414;390;420;448;264;445;227;228;195;117;168;137;185;225;315;258;247;241;212;199;236;321;337
Dél-Dunántúl;régió;3 703;2 358;1 245;1 447;1 151;971;1 650;901;1 290;2 479;2 561;2 723;1 388;3 898;2 570;3 377;2 577;2 802;2 607;2 348;1 962;1 923;1 621;1 473
Dunántúl;nagyrégió;19 152;7 053;4 965;9 629;6 935;8 097;10 545;7 157;7 010;9 504;9 029;6 780;4 892;10 529;6 717;11 137;6 800;7 931;8 136;7 203;6 096;6 104;4 900;4 115
Borsod-Abaúj-Zemplén;vármegye;4 350;4 480;3 026;2 510;2 728;3 985;5 819;397;2 541;5 161;3 983;3 333;3 664;3 507;3 566;7 234;5 492;4 929;6 466;2 960;3 744;4 298;2 429;2 960
Heves;vármegye;270;134;136;479;2 183;512;1 286;152;742;987;1 027;906;561;833;709;899;551;516;628;951;1 499;1 455;998;1 883
Nógrád;vármegye;1 200;1 352;240;245;303;296;451;285;33;57;278;88;76;25;30;31;57;61;62;148;292;329;221;257
Észak-Magyarország;régió;5 820;5 966;3 402;3 234;5 214;4 793;7 556;834;3 316;6 205;5 288;4 327;4 301;4 365;4 305;8 164;6 100;5 506;7 156;4 059;5 535;6 082;3 648;5 100
Hajdú-Bihar;vármegye;500;700;680;750;570;845;1 045;326;995;871;1 054;1 064;869;969;880;1 812;449;502;477;320;133;154;213;196
Jász-Nagykun-Szolnok;vármegye;839;250;443;376;379;140;495;185;392;190;199;170;494;592;582;544;183;204;196;239;584;666;370;510
Szabolcs-Szatmár-Bereg;vármegye;1 230;651;586;1 100;1 586;1 360;7 873;929;6 443;7 704;3 130;1 263;1 567;5 869;5 215;10 010;5 567;5 269;5 710;5 257;3 976;4 294;1 952;2 287
Észak-Alföld;régió;2 569;1 601;1 709;2 226;2 535;2 345;9 413;1 440;7 830;8 765;4 383;2 497;2 930;7 430;6 677;12 366;6 199;5 975;6 383;5 816;4 693;5 114;2 535;2 993
Bács-Kiskun;vármegye;1 065;450;200;1 970;1 036;1 390;1 588;703;1 766;4 749;2 942;1 033;647;1 549;541;2 465;2 060;2 237;1 774;1 214;1 169;1 343;1 207;1 529
Békés;vármegye;636;564;508;356;385;302;493;335;397;564;676;716;584;586;555;427;430;476;555;642;252;334;207;434
Csongrád-Csanád;vármegye;306;195;124;226;609;682;1 053;768;775;900;754;765;294;516;344;726;409;439;447;512;682;759;589;667
Dél-Alföld;régió;2 007;1 209;832;2 552;2 030;2 374;3 134;1 806;2 938;6 213;4 372;2 514;1 525;2 651;1 440;3 618;2 899;3 152;2 776;2 368;2 103;2 436;2 003;2 630
Alföld és Észak;nagyrégió;10 396;8 776;5 943;8 012;9 779;9 512;20 103;4 080;14 084;21 183;14 043;9 338;8 756;14 446;12 422;24 148;15 198;14 633;16 315;12 243;12 331;13 632;8 186;10 723
Ország összesen;ország;36 908;21 077;13 082;18 780;18 377;19 736;32 839;11 799;22 029;32 256;24 176;17 327;14 622;27 688;20 797;36 793;23 083;23 333;25 948;22 364;20 330;21 720;13 862;16 381
meggy;;;;;;;;;;;;;;;;;;;;;;;;;
Budapest;fõváros, régió;1 220;1 460;250;522;513;347;211;417;495;1 219;652;1 532;1 220;1 683;2 188;1 672;2 005;1 758;2 249;940;40;31;23;22
Pest;vármegye, régió;9 000;9 900;3 309;3 951;5 760;4 274;5 669;4 836;6 617;8 340;6 827;9 074;8 033;14 179;12 747;9 210;7 555;8 620;8 837;6 909;4 416;5 772;6 894;5 249
Közép-Magyarország;nagyrégió;10 220;11 360;3 559;4 473;6 273;4 621;5 880;5 253;7 112;9 559;7 479;10 606;9 253;15 862;14 935;10 882;9 560;10 378;11 086;7 849;4 456;5 803;6 917;5 271
Fejér;vármegye;3 800;3 270;2 636;2 208;3 448;4 170;5 092;4 205;6 332;6 223;3 055;6 052;4 366;5 140;6 333;6 095;4 940;3 903;4 424;4 707;4 506;4 321;3 489;3 348
Komárom-Esztergom;vármegye;313;340;352;190;280;250;240;215;42;98;80;63;76;74;72;21;18;17;28;28;24;10;8;10
Veszprém;vármegye;2 717;2 966;1 597;3 198;2 397;2 971;2 710;2 679;3 597;4 002;1 231;1 470;1 147;1 078;1 143;1 212;1 091;1 304;1 394;1 587;1 675;1 848;1 041;973
Közép-Dunántúl;régió;6 830;6 576;4 585;5 596;6 125;7 391;8 042;7 099;9 971;10 323;4 366;7 585;5 589;6 292;7 548;7 328;6 049;5 224;5 846;6 322;6 205;6 179;4 538;4 331
Gyõr-Moson-Sopron;vármegye;1 192;820;699;1 146;1 493;1 422;1 749;1 127;2 828;5 391;2 199;3 275;3 179;3 778;5 145;5 020;4 639;4 085;5 063;5 490;6 751;5 094;5 228;2 884
Vas;vármegye;300;140;142;288;240;329;293;471;829;366;376;395;337;364;343;579;336;310;608;334;315;236;542;371
Zala;vármegye;268;132;101;70;50;162;375;577;605;865;617;817;272;678;776;813;686;1 116;1 095;1 114;1 282;951;1 524;849
Nyugat-Dunántúl;régió;1 760;1 092;942;1 504;1 783;1 913;2 417;2 175;4 262;6 622;3 192;4 487;3 788;4 820;6 264;6 412;5 661;5 511;6 766;6 938;8 348;6 281;7 294;4 104
Baranya;vármegye;1 425;2 026;622;1 148;1 681;1 234;682;677;784;866;1 127;1 673;853;1 743;1 595;1 548;1 239;1 300;1 083;259;357;261;216;177
Somogy;vármegye;1 700;1 500;778;1 756;1 843;1 827;2 159;1 232;2 263;2 636;1 197;1 496;881;1 784;1 588;947;1 109;1 161;851;594;744;574;384;475
Tolna;vármegye;526;514;394;555;600;310;318;505;482;464;92;481;710;795;730;712;1 532;1 481;1 512;815;1 078;881;710;404
Dél-Dunántúl;régió;3 651;4 040;1 794;3 459;4 124;3 371;3 159;2 414;3 529;3 966;2 416;3 650;2 445;4 322;3 913;3 207;3 880;3 942;3 446;1 668;2 179;1 716;1 310;1 056
Dunántúl;nagyrégió;12 241;11 708;7 321;10 559;12 032;12 675;13 618;11 688;17 762;20 911;9 974;15 722;11 822;15 434;17 725;16 947;15 590;14 677;16 058;14 928;16 732;14 176;13 142;9 491
Borsod-Abaúj-Zemplén;vármegye;1 783;1 555;1 533;1 864;2 714;2 890;1 753;1 356;1 730;2 317;1 216;1 668;930;1 472;2 174;1 982;2 066;1 850;2 565;1 364;708;972;971;706
Heves;vármegye;1 506;1 453;1 104;2 644;19 560;2 780;2 799;1 369;1 577;3 840;5 030;5 098;5 451;4 975;6 194;6 107;6 332;5 740;6 186;8 502;8 236;7 746;9 089;6 238
Nógrád;vármegye;590;502;681;400;1 041;498;307;194;421;506;255;241;372;317;270;241;342;314;462;286;519;623;708;714
Észak-Magyarország;régió;3 879;3 510;3 318;4 908;23 315;6 168;4 859;2 919;3 728;6 663;6 501;7 007;6 753;6 764;8 638;8 330;8 740;7 904;9 213;10 152;9 463;9 341;10 768;7 658
Hajdú-Bihar;vármegye;2 500;2 400;2 400;2 434;3 045;1 600;2 486;1 107;2 724;3 010;2 654;3 250;3 420;3 112;5 495;5 140;5 062;5 281;7 043;4 524;2 534;3 042;2 856;3 296
Jász-Nagykun-Szolnok;vármegye;1 969;2 787;1 937;1 020;1 728;840;1 690;898;1 433;2 410;664;1 318;1 219;1 798;1 953;1 222;1 321;1 181;988;723;1 125;1 054;1 114;721
Szabolcs-Szatmár-Bereg;vármegye;13 000;19 009;15 207;16 870;17 500;10 422;10 861;10 339;19 356;18 829;13 431;11 210;14 573;15 175;26 823;25 447;18 197;15 714;20 839;13 345;19 138;20 874;24 902;23 435
Észak-Alföld;régió;17 469;24 196;19 544;20 324;22 273;12 862;15 037;12 344;23 513;24 249;16 749;15 778;19 212;20 085;34 271;31 809;24 580;22 176;28 870;18 592;22 797;24 970;28 872;27 452
Bács-Kiskun;vármegye;3 926;4 212;2 530;6 314;9 742;9 139;17 900;8 112;13 943;15 073;9 324;10 781;5 464;10 154;13 818;6 929;12 656;12 171;15 844;10 051;6 409;4 723;4 406;4 117
Békés;vármegye;678;470;520;676;1 031;634;1 070;1 209;1 112;1 397;1 025;1 313;784;1 351;1 787;1 595;1 728;1 598;1 659;869;1 040;1 120;1 220;1 202
Csongrád-Csanád;vármegye;481;560;1 358;1 400;2 487;1 983;1 813;1 047;985;900;818;528;136;765;671;300;737;853;836;261;558;395;537;471
Dél-Alföld;régió;5 085;5 242;4 408;8 390;13 260;11 756;20 783;10 368;16 040;17 370;11 167;12 622;6 384;12 270;16 276;8 824;15 121;14 622;18 339;11 181;8 007;6 238;6 163;5 790
Alföld és Észak;nagyrégió;26 433;32 948;27 270;33 622;58 848;30 786;40 679;25 631;43 281;48 282;34 417;35 407;32 349;39 118;59 185;48 963;48 441;44 702;56 422;39 925;40 267;40 549;45 803;40 900
Ország összesen;ország;48 894;56 016;38 150;48 654;77 153;48 082;60 177;42 572;68 155;78 752;51 870;61 735;53 425;70 414;91 845;76 792;73 591;69 757;83 566;62 702;61 455;60 528;65 862;55 662
szilva és ringlószilva;;;;;;;;;;;;;;;;;;;;;;;;;
Budapest;fõváros, régió;1 700;1 785;950;390;924;854;624;69;123;105;130;75;236;272;180;219;370;319;291;369;5;4;1;3
Pest;vármegye, régió;13 000;14 300;5 593;4 470;6 380;5 804;6 007;1 778;4 636;4 684;5 493;5 333;9 259;10 183;5 993;7 193;7 527;6 199;7 320;6 227;3 104;3 287;3 172;4 324
Közép-Magyarország;nagyrégió;14 700;16 085;6 543;4 860;7 304;6 658;6 631;1 847;4 759;4 789;5 623;5 408;9 495;10 455;6 173;7 412;7 897;6 518;7 611;6 596;3 109;3 291;3 173;4 327
Fejér;vármegye;4 152;3 137;2 619;2 245;4 434;2 628;2 438;1 387;1 727;1 036;989;890;945;1 061;1 532;2 550;1 151;923;936;943;954;760;1 152;978
Komárom-Esztergom;vármegye;1 823;1 670;1 600;453;480;540;945;659;725;545;455;436;430;363;302;647;438;433;468;475;120;120;78;74
Veszprém;vármegye;1 399;1 421;463;289;515;570;499;777;1 074;714;1 072;695;1 272;900;985;1 176;846;481;328;620;153;131;210;191
Közép-Dunántúl;régió;7 374;6 228;4 682;2 987;5 429;3 738;3 882;2 823;3 526;2 295;2 516;2 021;2 646;2 324;2 819;4 373;2 435;1 837;1 732;2 038;1 227;1 011;1 440;1 243
Gyõr-Moson-Sopron;vármegye;3 698;1 954;1 088;1 805;2 614;1 405;1 904;756;502;858;425;764;448;500;900;665;903;791;878;597;377;416;468;722
Vas;vármegye;1 330;350;261;348;300;469;556;475;601;543;686;700;958;960;928;479;324;331;329;296;271;254;227;274
Zala;vármegye;690;152;171;382;384;352;613;795;699;387;212;128;91;92;100;180;275;260;279;174;272;275;608;581
Nyugat-Dunántúl;régió;5 718;2 456;1 520;2 529;3 298;2 226;3 073;2 026;1 802;1 788;1 323;1 592;1 497;1 552;1 928;1 324;1 502;1 382;1 486;1 067;920;945;1 303;1 577
Baranya;vármegye;2 775;2 501;832;1 082;1 354;811;1 077;1 128;849;981;1 223;1 547;613;2 209;1 691;2 875;1 786;1 731;978;901;527;481;311;223
Somogy;vármegye;1 450;1 200;307;928;1 200;866;1 285;600;671;345;328;295;287;764;394;488;357;406;360;910;303;350;693;610
Tolna;vármegye;786;724;514;522;604;172;772;540;578;876;688;678;603;615;621;671;267;250;290;487;327;357;263;306
Dél-Dunántúl;régió;5 011;4 425;1 653;2 532;3 158;1 849;3 134;2 268;2 098;2 202;2 239;2 520;1 503;3 588;2 706;4 034;2 410;2 387;1 628;2 298;1 157;1 188;1 267;1 139
Dunántúl;nagyrégió;18 103;13 109;7 855;8 048;11 885;7 813;10 089;7 117;7 426;6 285;6 078;6 133;5 646;7 464;7 453;9 731;6 347;5 606;4 846;5 403;3 304;3 144;4 010;3 959
Borsod-Abaúj-Zemplén;vármegye;9 167;9 205;4 356;4 658;2 562;2 558;3 943;3 208;3 208;3 247;2 938;2 492;3 649;3 857;3 150;4 252;3 509;3 203;3 763;3 451;2 579;2 472;2 701;2 589
Heves;vármegye;1 498;2 037;1 629;1 310;7 172;1 262;1 802;1 317;920;1 801;1 798;1 294;1 186;1 609;1 878;1 433;1 860;1 790;1 985;2 361;1 678;1 400;2 264;2 214
Nógrád;vármegye;4 260;4 851;548;580;1 438;954;962;389;837;291;1 560;794;1 110;922;596;722;700;642;723;797;832;958;1 394;1 638
Észak-Magyarország;régió;14 925;16 093;6 533;6 548;11 172;4 774;6 707;4 914;4 965;5 339;6 296;4 580;5 945;6 387;5 624;6 407;6 069;5 635;6 471;6 609;5 089;4 830;6 359;6 441
Hajdú-Bihar;vármegye;5 000;5 100;3 025;2 684;2 500;747;3 318;764;1 126;1 729;2 236;1 251;1 370;1 049;1 829;1 150;1 556;1 586;1 405;1 502;1 007;1 220;717;750
Jász-Nagykun-Szolnok;vármegye;4 007;5 555;2 939;1 276;2 941;1 111;3 868;803;1 056;1 277;1 350;1 403;1 108;1 375;1 374;1 408;1 083;1 039;1 100;1 094;1 206;777;1 365;793
Szabolcs-Szatmár-Bereg;vármegye;24 000;21 352;13 275;11 000;14 060;4 182;8 289;2 616;20 700;14 284;24 724;4 608;11 138;8 078;10 652;9 681;7 271;7 134;8 015;7 707;4 778;10 433;9 018;11 128
Észak-Alföld;régió;33 007;32 007;19 239;14 960;19 501;6 040;15 475;4 183;22 882;17 290;28 310;7 262;13 616;10 502;13 855;12 239;9 910;9 759;10 520;10 303;6 991;12 430;11 100;12 671
Bács-Kiskun;vármegye;4 801;5 960;2 750;4 365;6 788;4 447;18 239;9 470;12 464;12 982;19 861;10 013;6 825;9 103;8 902;7 579;14 321;13 134;14 321;12 581;6 981;7 460;8 888;7 492
Békés;vármegye;4 972;5 326;5 104;5 110;5 253;3 155;3 476;1 333;1 525;2 259;2 102;1 816;1 562;2 635;1 971;2 090;1 909;1 630;1 889;1 607;590;796;430;923
Csongrád-Csanád;vármegye;777;1 244;1 292;1 539;5 092;3 069;3 967;1 909;1 950;2 543;2 584;2 126;179;1 452;1 138;565;1 107;1 013;1 032;2 149;974;1 302;1 007;1 560
Dél-Alföld;régió;10 550;12 530;9 146;11 014;17 133;10 671;25 682;12 712;15 939;17 784;24 547;13 955;8 566;13 190;12 011;10 234;17 337;15 777;17 242;16 337;8 545;9 558;10 325;9 975
Alföld és Észak;nagyrégió;58 482;60 630;34 918;32 522;47 806;21 485;47 864;21 809;43 786;40 413;59 153;25 797;28 127;30 079;31 490;28 880;33 316;31 171;34 233;33 249;20 625;26 818;27 784;29 087
Ország összesen;ország;91 285;89 824;49 316;45 430;66 995;35 956;64 584;30 773;55 971;51 487;70 854;37 338;43 268;47 998;45 116;46 023;47 560;43 295;46 690;45 248;27 038;33 253;34 967;37 373
kajszi;;;;;;;;;;;;;;;;;;;;;;;;;
Budapest;fõváros, régió;1 440;600;87;445;132;107;126;68;105;53;173;34;72;136;172;55;168;141;130;379;6;6;7;8
Pest;vármegye, régió;8 300;4 150;1 717;4 212;1 836;1 297;4 355;2 616;3 544;3 450;2 870;2 366;1 200;1 956;2 497;2 179;1 576;1 868;800;2 136;445;794;1 544;865
Közép-Magyarország;nagyrégió;9 740;4 750;1 804;4 657;1 968;1 404;4 481;2 684;3 649;3 503;3 043;2 400;1 272;2 092;2 669;2 234;1 744;2 009;930;2 515;451;800;1 551;873
Fejér;vármegye;912;1 603;629;2 335;2 108;1 225;2 399;1 444;2 660;2 701;2 160;2 120;1 626;3 267;2 127;2 355;1 809;1 595;616;2 693;628;1 718;2 847;2 196
Komárom-Esztergom;vármegye;182;200;150;560;490;234;252;146;157;170;152;93;86;114;114;535;304;420;311;192;30;92;79;51
Veszprém;vármegye;365;446;68;367;520;488;637;595;597;1 812;1 318;1 438;471;579;493;617;620;489;197;394;169;147;192;183
Közép-Dunántúl;régió;1 459;2 249;847;3 262;3 118;1 947;3 288;2 185;3 414;4 683;3 630;3 651;2 183;3 960;2 734;3 507;2 733;2 504;1 124;3 279;827;1 957;3 118;2 430
Gyõr-Moson-Sopron;vármegye;367;196;121;745;710;731;1 209;300;299;1 028;255;486;271;870;703;905;756;982;232;1 333;164;622;502;422
Vas;vármegye;134;10;3;22;30;38;60;36;126;31;172;29;17;93;73;72;33;28;25;71;21;29;46;48
Zala;vármegye;126;26;17;22;22;26;100;128;285;142;155;102;116;170;238;284;73;369;135;734;702;254;1 107;394
Nyugat-Dunántúl;régió;627;232;141;789;762;795;1 369;464;710;1 201;582;617;404;1 133;1 014;1 261;862;1 379;392;2 138;887;905;1 655;864
Baranya;vármegye;239;86;49;336;1 376;389;1 184;996;733;722;650;1 463;249;1 518;1 524;1 927;845;654;203;693;515;436;888;455
Somogy;vármegye;364;500;449;1 114;768;1 077;1 150;751;850;1 810;1 466;1 466;215;2 558;1 615;972;2 824;2 892;894;2 132;1 096;1 351;1 814;2 324
Tolna;vármegye;127;420;187;1 659;1 337;1 007;1 763;1 469;1 369;1 774;1 849;2 218;975;1 824;1 395;1 544;2 469;2 025;1 140;2 099;945;948;3 907;2 200
Dél-Dunántúl;régió;730;1 006;685;3 109;3 481;2 473;4 097;3 216;2 952;4 306;3 965;5 147;1 439;5 900;4 534;4 443;6 138;5 571;2 237;4 924;2 556;2 735;6 609;4 979
Dunántúl;nagyrégió;2 816;3 487;1 673;7 160;7 361;5 215;8 754;5 865;7 076;10 190;8 177;9 415;4 026;10 992;8 282;9 211;9 733;9 454;3 753;10 341;4 270;5 597;11 382;8 273
Borsod-Abaúj-Zemplén;vármegye;3 400;3 700;2 500;11 059;14 928;12 045;13 257;4 335;4 335;8 933;7 942;6 962;3 776;4 650;6 814;5 887;5 576;5 762;4 576;5 812;3 638;2 827;6 187;3 906
Heves;vármegye;1 200;713;195;1 601;1 638;1 130;1 616;269;1 337;1 378;1 261;1 085;694;668;1 177;611;445;564;442;522;217;344;805;494
Nógrád;vármegye;70;65;120;120;140;114;152;17;69;93;174;181;10;9;5;13;18;10;14;20;8;8;17;8
Észak-Magyarország;régió;4 670;4 478;2 815;12 780;16 706;13 289;15 025;4 621;5 741;10 404;9 377;8 228;4 480;5 328;7 996;6 511;6 039;6 336;5 032;6 354;3 863;3 179;7 009;4 408
Hajdú-Bihar;vármegye;400;400;220;349;325;117;287;301;109;417;415;350;424;143;485;402;286;324;203;88;28;28;94;96
Jász-Nagykun-Szolnok;vármegye;511;200;238;158;581;54;736;239;322;659;232;205;135;92;275;213;304;320;247;310;137;141;206;174
Szabolcs-Szatmár-Bereg;vármegye;250;309;155;155;155;36;155;11;310;168;232;79;120;62;108;118;100;85;61;35;56;82;51;157
Észak-Alföld;régió;1 161;909;613;662;1 061;207;1 178;551;741;1 244;879;634;679;297;868;733;690;729;511;433;221;251;351;427
Bács-Kiskun;vármegye;2 718;1 866;14;5 100;7 273;5 118;10 431;7 605;9 193;7 300;5 320;3 460;133;2 488;2 845;794;4 864;5 104;3 843;5 310;1 541;1 618;2 835;1 624
Békés;vármegye;36;25;4;20;59;37;76;174;151;366;236;382;185;215;236;186;157;185;104;229;82;83;202;222
Csongrád-Csanád;vármegye;267;110;35;411;727;385;336;234;210;450;27;247;4;77;191;186;301;284;156;304;195;237;776;470
Dél-Alföld;régió;3 021;2 001;53;5 531;8 059;5 540;10 843;8 013;9 554;8 116;5 583;4 089;322;2 779;3 272;1 166;5 322;5 573;4 103;5 843;1 818;1 938;3 813;2 316
Alföld és Észak;nagyrégió;8 852;7 388;3 481;18 973;25 826;19 036;27 046;13 185;16 036;19 764;15 839;12 951;5 481;8 404;12 136;8 410;12 051;12 638;9 646;12 630;5 902;5 368;11 173;7 151
Ország összesen;ország;21 408;15 625;6 958;30 790;35 155;25 655;40 281;21 734;26 761;33 457;27 059;24 766;10 779;21 488;23 087;19 855;23 528;24 101;14 329;25 486;10 623;11 765;24 106;16 297
õszibarack;;;;;;;;;;;;;;;;;;;;;;;;;
Budapest;fõváros, régió;5 900;4 100;1 300;1 013;834;693;823;522;489;486;319;187;172;217;134;408;223;338;330;293;4;4;12;6
Pest;vármegye, régió;17 100;11 970;6 355;8 748;8 891;6 700;7 978;6 617;9 282;10 037;4 373;4 185;2 825;7 467;9 060;9 122;8 060;7 822;3 933;5 522;1 344;859;2 791;1 026
Közép-Magyarország;nagyrégió;23 000;16 070;7 655;9 761;9 725;7 393;8 801;7 139;9 771;10 523;4 692;4 372;2 997;7 685;9 194;9 530;8 283;8 160;4 263;5 815;1 348;863;2 803;1 032
Fejér;vármegye;3 451;3 730;1 613;5 350;5 146;2 516;4 606;2 949;3 059;2 588;2 445;2 172;1 776;2 004;1 959;3 155;1 994;1 796;646;1 540;583;413;873;331
Komárom-Esztergom;vármegye;1 410;1 310;1 200;536;966;521;626;250;678;580;415;356;325;341;340;282;256;258;176;176;26;17;29;14
Veszprém;vármegye;1 174;1 069;53;278;417;770;617;391;484;412;354;269;156;233;199;211;253;241;165;165;52;59;180;119
Közép-Dunántúl;régió;6 035;6 109;2 866;6 164;6 529;3 807;5 849;3 590;4 221;3 580;3 214;2 797;2 257;2 578;2 498;3 648;2 503;2 295;987;1 881;661;489;1 082;464
Gyõr-Moson-Sopron;vármegye;1 370;725;237;308;422;446;724;298;42;205;142;173;104;87;66;95;148;139;64;60;25;28;56;53
Vas;vármegye;70;28;9;5;7;5;58;98;96;26;241;22;15;9;11;8;95;87;42;42;11;18;43;20
Zala;vármegye;510;248;115;101;95;82;356;269;189;192;517;181;123;278;264;251;284;307;212;191;59;69;118;112
Nyugat-Dunántúl;régió;1 950;1 001;361;414;524;533;1 138;665;327;423;900;376;242;374;341;354;527;533;318;293;95;115;217;185
Baranya;vármegye;1 914;1 725;610;1 510;1 503;1 232;1 830;1 383;1 005;1 656;1 558;1 156;592;1 491;1 194;1 532;979;916;702;664;499;308;537;340
Somogy;vármegye;3 380;3 300;2 200;3 220;3 438;3 213;5 216;2 682;3 769;3 212;3 051;3 966;3 147;3 703;2 199;2 273;2 870;2 760;1 590;1 757;1 120;893;411;353
Tolna;vármegye;1 348;1 537;1 355;2 061;1 771;1 414;2 085;1 553;1 357;2 054;879;1 215;1 020;1 320;1 151;1 050;1 599;1 355;811;809;183;184;394;329
Dél-Dunántúl;régió;6 642;6 562;4 165;6 791;6 712;5 859;9 131;5 618;6 131;6 922;5 488;6 337;4 759;6 513;4 544;4 855;5 448;5 031;3 103;3 230;1 802;1 385;1 342;1 022
Dunántúl;nagyrégió;14 627;13 672;7 392;13 369;13 765;10 199;16 118;9 873;10 679;10 925;9 602;9 510;7 258;9 465;7 383;8 857;8 478;7 859;4 408;5 404;2 558;1 989;2 641;1 671
Borsod-Abaúj-Zemplén;vármegye;626;635;635;549;913;490;889;395;1 002;987;656;610;545;366;390;598;923;940;618;901;264;309;557;369
Heves;vármegye;1 880;2 500;1 750;1 902;5 404;2 115;2 834;1 479;2 426;1 928;2 623;1 343;965;1 625;1 503;1 191;1 033;939;581;781;913;822;1 019;618
Nógrád;vármegye;350;355;72;69;90;86;214;106;78;24;89;44;3;8;4;5;72;70;47;47;8;10;30;22
Észak-Magyarország;régió;2 856;3 490;2 457;2 520;6 407;2 691;3 937;1 980;3 506;2 939;3 368;1 997;1 513;1 999;1 897;1 794;2 028;1 949;1 246;1 729;1 185;1 141;1 606;1 009
Hajdú-Bihar;vármegye;800;1 100;900;796;805;780;1 452;732;701;1 243;641;1 200;699;723;747;599;643;576;375;410;81;241;308;170
Jász-Nagykun-Szolnok;vármegye;1 142;1 361;540;214;639;587;1 392;269;360;475;709;267;224;371;386;237;769;742;477;785;286;173;322;208
Szabolcs-Szatmár-Bereg;vármegye;2 200;1 736;1 215;1 215;2 181;963;2 732;1 011;3 050;5 111;4 566;1 358;2 080;434;2 768;2 432;3 129;2 832;2 509;3 797;829;869;517;405
Észak-Alföld;régió;4 142;4 197;2 655;2 225;3 625;2 330;5 576;2 012;4 111;6 829;5 916;2 825;3 002;1 528;3 901;3 268;4 541;4 150;3 361;4 992;1 196;1 283;1 147;783
Bács-Kiskun;vármegye;5 525;4 500;515;2 343;6 312;8 435;4 979;7 397;6 735;9 100;9 714;5 848;1 141;1 851;2 593;1 840;3 633;3 504;2 044;2 493;1 443;1 303;3 590;2 134
Békés;vármegye;266;213;89;140;207;156;268;300;186;279;147;329;270;313;355;363;302;277;162;119;30;30;65;44
Csongrád-Csanád;vármegye;13 705;14 540;1 412;1 582;42 568;17 186;27 875;12 120;12 520;20 023;19 473;16 854;82;21 077;13 406;11 720;12 279;11 181;7 426;7 519;4 063;4 070;9 272;6 670
Dél-Alföld;régió;19 496;19 253;2 016;4 065;49 087;25 777;33 122;19 817;19 441;29 402;29 334;23 031;1 493;23 241;16 354;13 923;16 214;14 962;9 632;10 131;5 536;5 403;12 927;8 848
Alföld és Észak;nagyrégió;26 494;26 940;7 128;8 810;59 119;30 798;42 635;23 809;27 058;39 170;38 618;27 853;6 008;26 768;22 152;18 985;22 783;21 061;14 239;16 852;7 917;7 827;15 680;10 640
Ország összesen;ország;64 121;56 682;22 175;31 940;82 609;48 390;67 554;40 821;47 508;60 618;52 912;41 735;16 263;43 918;38 729;37 372;39 544;37 080;22 910;28 071;11 823;10 679;21 124;13 343
